workload,condition,model,seed,task_id,paid_usd,would_have_usd,saved_usd
code_review,baseline,claude-haiku-4-5,0,C001,0.001591,0.001591,0.0
code_review,baseline,claude-haiku-4-5,0,C002,0.001762,0.001762,0.0
code_review,baseline,claude-haiku-4-5,0,C003,0.00219625,0.00219625,0.0
code_review,baseline,claude-haiku-4-5,0,C004,0.00118275,0.00118275,0.0
code_review,baseline,claude-haiku-4-5,0,C005,0.00134375,0.00134375,0.0
code_review,baseline,claude-haiku-4-5,0,C006,0.001667,0.001667,0.0
code_review,baseline,claude-haiku-4-5,0,C007,0.0011885,0.0011885,0.0
code_review,baseline,claude-haiku-4-5,0,C008,0.00158025,0.00158025,0.0
code_review,baseline,claude-haiku-4-5,0,C009,0.00152075,0.00152075,0.0
code_review,baseline,claude-haiku-4-5,0,C010,0.00161125,0.00161125,0.0
code_review,baseline,claude-haiku-4-5,0,C011,0.00158975,0.00158975,0.0
code_review,baseline,claude-haiku-4-5,0,C012,0.00175525,0.00175525,0.0
code_review,baseline,claude-haiku-4-5,0,C013,0.0018495,0.0018495,0.0
code_review,baseline,claude-haiku-4-5,0,C014,0.0020045,0.0020045,0.0
code_review,baseline,claude-haiku-4-5,0,C015,0.002082,0.002082,0.0
code_review,baseline,claude-haiku-4-5,0,C016,0.00165875,0.00165875,0.0
code_review,baseline,claude-haiku-4-5,0,C017,0.0014135,0.0014135,0.0
code_review,baseline,claude-haiku-4-5,0,C018,0.0027035,0.0027035,0.0
code_review,baseline,claude-haiku-4-5,0,C019,0.00138175,0.00138175,0.0
code_review,baseline,claude-haiku-4-5,0,C020,0.0013595,0.0013595,0.0
code_review,baseline,claude-haiku-4-5,1,C001,0.0015985,0.0015985,0.0
code_review,baseline,claude-haiku-4-5,1,C002,0.00166425,0.00166425,0.0
code_review,baseline,claude-haiku-4-5,1,C003,0.0016885,0.0016885,0.0
code_review,baseline,claude-haiku-4-5,1,C004,0.00115825,0.00115825,0.0
code_review,baseline,claude-haiku-4-5,1,C005,0.0015195,0.0015195,0.0
code_review,baseline,claude-haiku-4-5,1,C006,0.001683,0.001683,0.0
code_review,baseline,claude-haiku-4-5,1,C007,0.001127,0.001127,0.0
code_review,baseline,claude-haiku-4-5,1,C008,0.001811,0.001811,0.0
code_review,baseline,claude-haiku-4-5,1,C009,0.00139975,0.00139975,0.0
code_review,baseline,claude-haiku-4-5,1,C010,0.0016275,0.0016275,0.0
code_review,baseline,claude-haiku-4-5,1,C011,0.0016105,0.0016105,0.0
code_review,baseline,claude-haiku-4-5,1,C012,0.001608,0.001608,0.0
code_review,baseline,claude-haiku-4-5,1,C013,0.00176075,0.00176075,0.0
code_review,baseline,claude-haiku-4-5,1,C014,0.002256,0.002256,0.0
code_review,baseline,claude-haiku-4-5,1,C015,0.002154,0.002154,0.0
code_review,baseline,claude-haiku-4-5,1,C016,0.002017,0.002017,0.0
code_review,baseline,claude-haiku-4-5,1,C017,0.00174525,0.00174525,0.0
code_review,baseline,claude-haiku-4-5,1,C018,0.002547,0.002547,0.0
code_review,baseline,claude-haiku-4-5,1,C019,0.0013145,0.0013145,0.0
code_review,baseline,claude-haiku-4-5,1,C020,0.00135825,0.00135825,0.0
code_review,thriftai_cold,claude-haiku-4-5,0,C001,0.00155475,0.00155475,0.0
code_review,thriftai_cold,claude-haiku-4-5,0,C002,0.00168175,0.00168175,0.0
code_review,thriftai_cold,claude-haiku-4-5,0,C003,0.0017425,0.0017425,0.0
code_review,thriftai_cold,claude-haiku-4-5,0,C004,0.00121,0.00121,0.0
code_review,thriftai_cold,claude-haiku-4-5,0,C005,0.00161225,0.00161225,0.0
code_review,thriftai_cold,claude-haiku-4-5,0,C006,0.00181725,0.00181725,0.0
code_review,thriftai_cold,claude-haiku-4-5,0,C007,0.00117575,0.00117575,0.0
code_review,thriftai_cold,claude-haiku-4-5,0,C008,0.001579,0.001579,0.0
code_review,thriftai_cold,claude-haiku-4-5,0,C009,0.0015255,0.0015255,0.0
code_review,thriftai_cold,claude-haiku-4-5,0,C010,0.00165,0.00165,0.0
code_review,thriftai_cold,claude-haiku-4-5,0,C011,0.001401,0.001401,0.0
code_review,thriftai_cold,claude-haiku-4-5,0,C012,0.0017445,0.0017445,0.0
code_review,thriftai_cold,claude-haiku-4-5,0,C013,0.00175025,0.00175025,0.0
code_review,thriftai_cold,claude-haiku-4-5,0,C014,0.001996,0.001996,0.0
code_review,thriftai_cold,claude-haiku-4-5,0,C015,0.0017485,0.0017485,0.0
code_review,thriftai_cold,claude-haiku-4-5,0,C016,0.0018295,0.0018295,0.0
code_review,thriftai_cold,claude-haiku-4-5,0,C017,0.001639,0.001639,0.0
code_review,thriftai_cold,claude-haiku-4-5,0,C018,0.0026365,0.0026365,0.0
code_review,thriftai_cold,claude-haiku-4-5,0,C019,0.001403,0.001403,0.0
code_review,thriftai_cold,claude-haiku-4-5,0,C020,0.00135825,0.00135825,0.0
code_review,thriftai_cold,claude-haiku-4-5,1,C001,0.0016085,0.0016085,0.0
code_review,thriftai_cold,claude-haiku-4-5,1,C002,0.00168425,0.00168425,0.0
code_review,thriftai_cold,claude-haiku-4-5,1,C003,0.00188625,0.00188625,0.0
code_review,thriftai_cold,claude-haiku-4-5,1,C004,0.001255,0.001255,0.0
code_review,thriftai_cold,claude-haiku-4-5,1,C005,0.0018785,0.0018785,0.0
code_review,thriftai_cold,claude-haiku-4-5,1,C006,0.00179375,0.00179375,0.0
code_review,thriftai_cold,claude-haiku-4-5,1,C007,0.00114275,0.00114275,0.0
code_review,thriftai_cold,claude-haiku-4-5,1,C008,0.0018665,0.0018665,0.0
code_review,thriftai_cold,claude-haiku-4-5,1,C009,0.00148775,0.00148775,0.0
code_review,thriftai_cold,claude-haiku-4-5,1,C010,0.00161625,0.00161625,0.0
code_review,thriftai_cold,claude-haiku-4-5,1,C011,0.00135125,0.00135125,0.0
code_review,thriftai_cold,claude-haiku-4-5,1,C012,0.00195675,0.00195675,0.0
code_review,thriftai_cold,claude-haiku-4-5,1,C013,0.001879,0.001879,0.0
code_review,thriftai_cold,claude-haiku-4-5,1,C014,0.002002,0.002002,0.0
code_review,thriftai_cold,claude-haiku-4-5,1,C015,0.0017825,0.0017825,0.0
code_review,thriftai_cold,claude-haiku-4-5,1,C016,0.002047,0.002047,0.0
code_review,thriftai_cold,claude-haiku-4-5,1,C017,0.001598,0.001598,0.0
code_review,thriftai_cold,claude-haiku-4-5,1,C018,0.0026105,0.0026105,0.0
code_review,thriftai_cold,claude-haiku-4-5,1,C019,0.00135625,0.00135625,0.0
code_review,thriftai_cold,claude-haiku-4-5,1,C020,0.001331,0.001331,0.0
code_review,thriftai_warm,claude-haiku-4-5,0,C001,0.0,0.00155475,0.00155475
code_review,thriftai_warm,claude-haiku-4-5,0,C002,0.0,0.00114825,0.00114825
code_review,thriftai_warm,claude-haiku-4-5,0,C003,0.0,0.0019485,0.0019485
code_review,thriftai_warm,claude-haiku-4-5,0,C004,0.0,0.00119225,0.00119225
code_review,thriftai_warm,claude-haiku-4-5,0,C005,0.0,0.001732,0.001732
code_review,thriftai_warm,claude-haiku-4-5,0,C006,0.0,0.001743,0.001743
code_review,thriftai_warm,claude-haiku-4-5,0,C007,0.0,0.001127,0.001127
code_review,thriftai_warm,claude-haiku-4-5,0,C008,0.0,0.00199575,0.00199575
code_review,thriftai_warm,claude-haiku-4-5,0,C009,0.0,0.00160725,0.00160725
code_review,thriftai_warm,claude-haiku-4-5,0,C010,0.0,0.0016205,0.0016205
code_review,thriftai_warm,claude-haiku-4-5,0,C011,0.0,0.00151975,0.00151975
code_review,thriftai_warm,claude-haiku-4-5,0,C012,0.0,0.001672,0.001672
code_review,thriftai_warm,claude-haiku-4-5,0,C013,0.0,0.00171075,0.00171075
code_review,thriftai_warm,claude-haiku-4-5,0,C014,0.0,0.00201325,0.00201325
code_review,thriftai_warm,claude-haiku-4-5,0,C015,0.0,0.0018705,0.0018705
code_review,thriftai_warm,claude-haiku-4-5,0,C016,0.0,0.0019595,0.0019595
code_review,thriftai_warm,claude-haiku-4-5,0,C017,0.0,0.001767,0.001767
code_review,thriftai_warm,claude-haiku-4-5,0,C018,0.0,0.00276575,0.00276575
code_review,thriftai_warm,claude-haiku-4-5,0,C019,0.0,0.00121525,0.00121525
code_review,thriftai_warm,claude-haiku-4-5,0,C020,0.0,0.00137125,0.00137125
code_review,thriftai_warm,claude-haiku-4-5,1,C001,0.0,0.00163975,0.00163975
code_review,thriftai_warm,claude-haiku-4-5,1,C002,0.0,0.00181575,0.00181575
code_review,thriftai_warm,claude-haiku-4-5,1,C003,0.0,0.00171125,0.00171125
code_review,thriftai_warm,claude-haiku-4-5,1,C004,0.0,0.00128375,0.00128375
code_review,thriftai_warm,claude-haiku-4-5,1,C005,0.0,0.001366,0.001366
code_review,thriftai_warm,claude-haiku-4-5,1,C006,0.0,0.00167775,0.00167775
code_review,thriftai_warm,claude-haiku-4-5,1,C007,0.0,0.001127,0.001127
code_review,thriftai_warm,claude-haiku-4-5,1,C008,0.0,0.00197575,0.00197575
code_review,thriftai_warm,claude-haiku-4-5,1,C009,0.0,0.001602,0.001602
code_review,thriftai_warm,claude-haiku-4-5,1,C010,0.0,0.001654,0.001654
code_review,thriftai_warm,claude-haiku-4-5,1,C011,0.0,0.0015585,0.0015585
code_review,thriftai_warm,claude-haiku-4-5,1,C012,0.0,0.00132625,0.00132625
code_review,thriftai_warm,claude-haiku-4-5,1,C013,0.0,0.001575,0.001575
code_review,thriftai_warm,claude-haiku-4-5,1,C014,0.0,0.00206875,0.00206875
code_review,thriftai_warm,claude-haiku-4-5,1,C015,0.0,0.0019985,0.0019985
code_review,thriftai_warm,claude-haiku-4-5,1,C016,0.0,0.0018235,0.0018235
code_review,thriftai_warm,claude-haiku-4-5,1,C017,0.0,0.001659,0.001659
code_review,thriftai_warm,claude-haiku-4-5,1,C018,0.0,0.002767,0.002767
code_review,thriftai_warm,claude-haiku-4-5,1,C019,0.0,0.0011475,0.0011475
code_review,thriftai_warm,claude-haiku-4-5,1,C020,0.0,0.001378,0.001378
humaneval,baseline,claude-haiku-4-5,0,HumanEval_0,0.00027125,0.00027125,0.0
humaneval,baseline,claude-haiku-4-5,0,HumanEval_1,0.00039125,0.00039125,0.0
humaneval,baseline,claude-haiku-4-5,0,HumanEval_10,0.000343,0.000343,0.0
humaneval,baseline,claude-haiku-4-5,0,HumanEval_11,0.0001705,0.0001705,0.0
humaneval,baseline,claude-haiku-4-5,0,HumanEval_12,0.0002055,0.0002055,0.0
humaneval,baseline,claude-haiku-4-5,0,HumanEval_13,0.00017,0.00017,0.0
humaneval,baseline,claude-haiku-4-5,0,HumanEval_14,0.0001345,0.0001345,0.0
humaneval,baseline,claude-haiku-4-5,0,HumanEval_15,0.00015675,0.00015675,0.0
humaneval,baseline,claude-haiku-4-5,0,HumanEval_16,0.00013825,0.00013825,0.0
humaneval,baseline,claude-haiku-4-5,0,HumanEval_17,0.000356,0.000356,0.0
humaneval,baseline,claude-haiku-4-5,0,HumanEval_18,0.0002555,0.0002555,0.0
humaneval,baseline,claude-haiku-4-5,0,HumanEval_19,0.00036,0.00036,0.0
humaneval,baseline,claude-haiku-4-5,0,HumanEval_2,0.00015975,0.00015975,0.0
humaneval,baseline,claude-haiku-4-5,0,HumanEval_3,0.00023525,0.00023525,0.0
humaneval,baseline,claude-haiku-4-5,0,HumanEval_4,0.00023825,0.00023825,0.0
humaneval,baseline,claude-haiku-4-5,0,HumanEval_5,0.00024125,0.00024125,0.0
humaneval,baseline,claude-haiku-4-5,0,HumanEval_6,0.00034875,0.00034875,0.0
humaneval,baseline,claude-haiku-4-5,0,HumanEval_7,0.00018775,0.00018775,0.0
humaneval,baseline,claude-haiku-4-5,0,HumanEval_8,0.000244,0.000244,0.0
humaneval,baseline,claude-haiku-4-5,0,HumanEval_9,0.000246,0.000246,0.0
humaneval,baseline,claude-haiku-4-5,1,HumanEval_0,0.00027125,0.00027125,0.0
humaneval,baseline,claude-haiku-4-5,1,HumanEval_1,0.00039125,0.00039125,0.0
humaneval,baseline,claude-haiku-4-5,1,HumanEval_10,0.000343,0.000343,0.0
humaneval,baseline,claude-haiku-4-5,1,HumanEval_11,0.0001705,0.0001705,0.0
humaneval,baseline,claude-haiku-4-5,1,HumanEval_12,0.000203,0.000203,0.0
humaneval,baseline,claude-haiku-4-5,1,HumanEval_13,0.0001725,0.0001725,0.0
humaneval,baseline,claude-haiku-4-5,1,HumanEval_14,0.0001345,0.0001345,0.0
humaneval,baseline,claude-haiku-4-5,1,HumanEval_15,0.00015675,0.00015675,0.0
humaneval,baseline,claude-haiku-4-5,1,HumanEval_16,0.00013825,0.00013825,0.0
humaneval,baseline,claude-haiku-4-5,1,HumanEval_17,0.000356,0.000356,0.0
humaneval,baseline,claude-haiku-4-5,1,HumanEval_18,0.0002555,0.0002555,0.0
humaneval,baseline,claude-haiku-4-5,1,HumanEval_19,0.00036,0.00036,0.0
humaneval,baseline,claude-haiku-4-5,1,HumanEval_2,0.00015975,0.00015975,0.0
humaneval,baseline,claude-haiku-4-5,1,HumanEval_3,0.00023525,0.00023525,0.0
humaneval,baseline,claude-haiku-4-5,1,HumanEval_4,0.000262,0.000262,0.0
humaneval,baseline,claude-haiku-4-5,1,HumanEval_5,0.00024125,0.00024125,0.0
humaneval,baseline,claude-haiku-4-5,1,HumanEval_6,0.00034875,0.00034875,0.0
humaneval,baseline,claude-haiku-4-5,1,HumanEval_7,0.00018775,0.00018775,0.0
humaneval,baseline,claude-haiku-4-5,1,HumanEval_8,0.000244,0.000244,0.0
humaneval,baseline,claude-haiku-4-5,1,HumanEval_9,0.000246,0.000246,0.0
humaneval,thriftai_cold,claude-haiku-4-5,0,HumanEval_0,0.00027125,0.00027125,0.0
humaneval,thriftai_cold,claude-haiku-4-5,0,HumanEval_1,0.000355,0.000355,0.0
humaneval,thriftai_cold,claude-haiku-4-5,0,HumanEval_10,0.000373,0.000373,0.0
humaneval,thriftai_cold,claude-haiku-4-5,0,HumanEval_11,0.0001705,0.0001705,0.0
humaneval,thriftai_cold,claude-haiku-4-5,0,HumanEval_12,0.000203,0.000203,0.0
humaneval,thriftai_cold,claude-haiku-4-5,0,HumanEval_13,0.00017,0.00017,0.0
humaneval,thriftai_cold,claude-haiku-4-5,0,HumanEval_14,0.0001345,0.0001345,0.0
humaneval,thriftai_cold,claude-haiku-4-5,0,HumanEval_15,0.00015675,0.00015675,0.0
humaneval,thriftai_cold,claude-haiku-4-5,0,HumanEval_16,0.00013825,0.00013825,0.0
humaneval,thriftai_cold,claude-haiku-4-5,0,HumanEval_17,0.000356,0.000356,0.0
humaneval,thriftai_cold,claude-haiku-4-5,0,HumanEval_18,0.0002555,0.0002555,0.0
humaneval,thriftai_cold,claude-haiku-4-5,0,HumanEval_19,0.00036,0.00036,0.0
humaneval,thriftai_cold,claude-haiku-4-5,0,HumanEval_2,0.00015975,0.00015975,0.0
humaneval,thriftai_cold,claude-haiku-4-5,0,HumanEval_3,0.00023525,0.00023525,0.0
humaneval,thriftai_cold,claude-haiku-4-5,0,HumanEval_4,0.00023825,0.00023825,0.0
humaneval,thriftai_cold,claude-haiku-4-5,0,HumanEval_5,0.00024125,0.00024125,0.0
humaneval,thriftai_cold,claude-haiku-4-5,0,HumanEval_6,0.00034875,0.00034875,0.0
humaneval,thriftai_cold,claude-haiku-4-5,0,HumanEval_7,0.00018775,0.00018775,0.0
humaneval,thriftai_cold,claude-haiku-4-5,0,HumanEval_8,0.000244,0.000244,0.0
humaneval,thriftai_cold,claude-haiku-4-5,0,HumanEval_9,0.000246,0.000246,0.0
humaneval,thriftai_cold,claude-haiku-4-5,1,HumanEval_0,0.00027125,0.00027125,0.0
humaneval,thriftai_cold,claude-haiku-4-5,1,HumanEval_1,0.00039125,0.00039125,0.0
humaneval,thriftai_cold,claude-haiku-4-5,1,HumanEval_10,0.00037175,0.00037175,0.0
humaneval,thriftai_cold,claude-haiku-4-5,1,HumanEval_11,0.0001705,0.0001705,0.0
humaneval,thriftai_cold,claude-haiku-4-5,1,HumanEval_12,0.0002055,0.0002055,0.0
humaneval,thriftai_cold,claude-haiku-4-5,1,HumanEval_13,0.00017,0.00017,0.0
humaneval,thriftai_cold,claude-haiku-4-5,1,HumanEval_14,0.0001345,0.0001345,0.0
humaneval,thriftai_cold,claude-haiku-4-5,1,HumanEval_15,0.00015675,0.00015675,0.0
humaneval,thriftai_cold,claude-haiku-4-5,1,HumanEval_16,0.00013825,0.00013825,0.0
humaneval,thriftai_cold,claude-haiku-4-5,1,HumanEval_17,0.000356,0.000356,0.0
humaneval,thriftai_cold,claude-haiku-4-5,1,HumanEval_18,0.0002555,0.0002555,0.0
humaneval,thriftai_cold,claude-haiku-4-5,1,HumanEval_19,0.00036,0.00036,0.0
humaneval,thriftai_cold,claude-haiku-4-5,1,HumanEval_2,0.00015975,0.00015975,0.0
humaneval,thriftai_cold,claude-haiku-4-5,1,HumanEval_3,0.00023525,0.00023525,0.0
humaneval,thriftai_cold,claude-haiku-4-5,1,HumanEval_4,0.00023825,0.00023825,0.0
humaneval,thriftai_cold,claude-haiku-4-5,1,HumanEval_5,0.00024125,0.00024125,0.0
humaneval,thriftai_cold,claude-haiku-4-5,1,HumanEval_6,0.00034875,0.00034875,0.0
humaneval,thriftai_cold,claude-haiku-4-5,1,HumanEval_7,0.00018775,0.00018775,0.0
humaneval,thriftai_cold,claude-haiku-4-5,1,HumanEval_8,0.000244,0.000244,0.0
humaneval,thriftai_cold,claude-haiku-4-5,1,HumanEval_9,0.000246,0.000246,0.0
humaneval,thriftai_warm,claude-haiku-4-5,0,HumanEval_0,0.0,0.00027125,0.00027125
humaneval,thriftai_warm,claude-haiku-4-5,0,HumanEval_1,0.0,0.00039125,0.00039125
humaneval,thriftai_warm,claude-haiku-4-5,0,HumanEval_10,0.0,0.00037175,0.00037175
humaneval,thriftai_warm,claude-haiku-4-5,0,HumanEval_11,0.0,0.0001705,0.0001705
humaneval,thriftai_warm,claude-haiku-4-5,0,HumanEval_12,0.0,0.000203,0.000203
humaneval,thriftai_warm,claude-haiku-4-5,0,HumanEval_13,0.0,0.00017,0.00017
humaneval,thriftai_warm,claude-haiku-4-5,0,HumanEval_14,0.0,0.0001345,0.0001345
humaneval,thriftai_warm,claude-haiku-4-5,0,HumanEval_15,0.0,0.00015675,0.00015675
humaneval,thriftai_warm,claude-haiku-4-5,0,HumanEval_16,0.0,0.00013825,0.00013825
humaneval,thriftai_warm,claude-haiku-4-5,0,HumanEval_17,0.0,0.000356,0.000356
humaneval,thriftai_warm,claude-haiku-4-5,0,HumanEval_18,0.0,0.0002555,0.0002555
humaneval,thriftai_warm,claude-haiku-4-5,0,HumanEval_19,0.0,0.00036,0.00036
humaneval,thriftai_warm,claude-haiku-4-5,0,HumanEval_2,0.0,0.00015975,0.00015975
humaneval,thriftai_warm,claude-haiku-4-5,0,HumanEval_3,0.0,0.00023525,0.00023525
humaneval,thriftai_warm,claude-haiku-4-5,0,HumanEval_4,0.0,0.00023825,0.00023825
humaneval,thriftai_warm,claude-haiku-4-5,0,HumanEval_5,0.0,0.00024125,0.00024125
humaneval,thriftai_warm,claude-haiku-4-5,0,HumanEval_6,0.0,0.00034875,0.00034875
humaneval,thriftai_warm,claude-haiku-4-5,0,HumanEval_7,0.0,0.00018775,0.00018775
humaneval,thriftai_warm,claude-haiku-4-5,0,HumanEval_8,0.0,0.000244,0.000244
humaneval,thriftai_warm,claude-haiku-4-5,0,HumanEval_9,0.0,0.000246,0.000246
humaneval,thriftai_warm,claude-haiku-4-5,1,HumanEval_0,0.0,0.00027125,0.00027125
humaneval,thriftai_warm,claude-haiku-4-5,1,HumanEval_1,0.0,0.00039125,0.00039125
humaneval,thriftai_warm,claude-haiku-4-5,1,HumanEval_10,0.0,0.000378,0.000378
humaneval,thriftai_warm,claude-haiku-4-5,1,HumanEval_11,0.0,0.0001705,0.0001705
humaneval,thriftai_warm,claude-haiku-4-5,1,HumanEval_12,0.0,0.0002055,0.0002055
humaneval,thriftai_warm,claude-haiku-4-5,1,HumanEval_13,0.0,0.0001725,0.0001725
humaneval,thriftai_warm,claude-haiku-4-5,1,HumanEval_14,0.0,0.0001345,0.0001345
humaneval,thriftai_warm,claude-haiku-4-5,1,HumanEval_15,0.0,0.00015675,0.00015675
humaneval,thriftai_warm,claude-haiku-4-5,1,HumanEval_16,0.0,0.00013825,0.00013825
humaneval,thriftai_warm,claude-haiku-4-5,1,HumanEval_17,0.0,0.000356,0.000356
humaneval,thriftai_warm,claude-haiku-4-5,1,HumanEval_18,0.0,0.0002555,0.0002555
humaneval,thriftai_warm,claude-haiku-4-5,1,HumanEval_19,0.0,0.00036,0.00036
humaneval,thriftai_warm,claude-haiku-4-5,1,HumanEval_2,0.0,0.00015975,0.00015975
humaneval,thriftai_warm,claude-haiku-4-5,1,HumanEval_3,0.0,0.00023525,0.00023525
humaneval,thriftai_warm,claude-haiku-4-5,1,HumanEval_4,0.0,0.00023825,0.00023825
humaneval,thriftai_warm,claude-haiku-4-5,1,HumanEval_5,0.0,0.00024125,0.00024125
humaneval,thriftai_warm,claude-haiku-4-5,1,HumanEval_6,0.0,0.00034875,0.00034875
humaneval,thriftai_warm,claude-haiku-4-5,1,HumanEval_7,0.0,0.00018775,0.00018775
humaneval,thriftai_warm,claude-haiku-4-5,1,HumanEval_8,0.0,0.000244,0.000244
humaneval,thriftai_warm,claude-haiku-4-5,1,HumanEval_9,0.0,0.000246,0.000246
research_analyst,baseline,claude-haiku-4-5,0,Q001,0.00161275,0.00161275,0.0
research_analyst,baseline,claude-haiku-4-5,0,Q002,0.002052,0.002052,0.0
research_analyst,baseline,claude-haiku-4-5,0,Q003,0.001731,0.001731,0.0
research_analyst,baseline,claude-haiku-4-5,0,Q004,0.00182625,0.00182625,0.0
research_analyst,baseline,claude-haiku-4-5,0,Q005,0.0021365,0.0021365,0.0
research_analyst,baseline,claude-haiku-4-5,0,Q006,0.001609,0.001609,0.0
research_analyst,baseline,claude-haiku-4-5,0,Q007,0.0018445,0.0018445,0.0
research_analyst,baseline,claude-haiku-4-5,0,Q008,0.0018505,0.0018505,0.0
research_analyst,baseline,claude-haiku-4-5,0,Q009,0.00195875,0.00195875,0.0
research_analyst,baseline,claude-haiku-4-5,0,Q010,0.00238,0.00238,0.0
research_analyst,baseline,claude-haiku-4-5,0,Q011,0.0017985,0.0017985,0.0
research_analyst,baseline,claude-haiku-4-5,0,Q012,0.00177275,0.00177275,0.0
research_analyst,baseline,claude-haiku-4-5,0,Q013,0.0020905,0.0020905,0.0
research_analyst,baseline,claude-haiku-4-5,0,Q014,0.00167675,0.00167675,0.0
research_analyst,baseline,claude-haiku-4-5,0,Q015,0.0021355,0.0021355,0.0
research_analyst,baseline,claude-haiku-4-5,0,Q016,0.0014345,0.0014345,0.0
research_analyst,baseline,claude-haiku-4-5,0,Q017,0.001887,0.001887,0.0
research_analyst,baseline,claude-haiku-4-5,0,Q018,0.0021635,0.0021635,0.0
research_analyst,baseline,claude-haiku-4-5,0,Q019,0.00167625,0.00167625,0.0
research_analyst,baseline,claude-haiku-4-5,0,Q020,0.001611,0.001611,0.0
research_analyst,baseline,claude-haiku-4-5,1,Q001,0.00213075,0.00213075,0.0
research_analyst,baseline,claude-haiku-4-5,1,Q002,0.002134,0.002134,0.0
research_analyst,baseline,claude-haiku-4-5,1,Q003,0.00176125,0.00176125,0.0
research_analyst,baseline,claude-haiku-4-5,1,Q004,0.0017365,0.0017365,0.0
research_analyst,baseline,claude-haiku-4-5,1,Q005,0.001883,0.001883,0.0
research_analyst,baseline,claude-haiku-4-5,1,Q006,0.001816,0.001816,0.0
research_analyst,baseline,claude-haiku-4-5,1,Q007,0.00184125,0.00184125,0.0
research_analyst,baseline,claude-haiku-4-5,1,Q008,0.00192925,0.00192925,0.0
research_analyst,baseline,claude-haiku-4-5,1,Q009,0.00199375,0.00199375,0.0
research_analyst,baseline,claude-haiku-4-5,1,Q010,0.002322,0.002322,0.0
research_analyst,baseline,claude-haiku-4-5,1,Q011,0.0019955,0.0019955,0.0
research_analyst,baseline,claude-haiku-4-5,1,Q012,0.00178775,0.00178775,0.0
research_analyst,baseline,claude-haiku-4-5,1,Q013,0.0017205,0.0017205,0.0
research_analyst,baseline,claude-haiku-4-5,1,Q014,0.0019135,0.0019135,0.0
research_analyst,baseline,claude-haiku-4-5,1,Q015,0.001738,0.001738,0.0
research_analyst,baseline,claude-haiku-4-5,1,Q016,0.00149225,0.00149225,0.0
research_analyst,baseline,claude-haiku-4-5,1,Q017,0.00167775,0.00167775,0.0
research_analyst,baseline,claude-haiku-4-5,1,Q018,0.0016165,0.0016165,0.0
research_analyst,baseline,claude-haiku-4-5,1,Q019,0.00146,0.00146,0.0
research_analyst,baseline,claude-haiku-4-5,1,Q020,0.001572,0.001572,0.0
research_analyst,thriftai_cold,claude-haiku-4-5,0,Q001,0.001883,0.001883,0.0
research_analyst,thriftai_cold,claude-haiku-4-5,0,Q002,0.0023325,0.0023325,0.0
research_analyst,thriftai_cold,claude-haiku-4-5,0,Q003,0.0020995,0.0020995,0.0
research_analyst,thriftai_cold,claude-haiku-4-5,0,Q004,0.00198075,0.00198075,0.0
research_analyst,thriftai_cold,claude-haiku-4-5,0,Q005,0.00211875,0.00211875,0.0
research_analyst,thriftai_cold,claude-haiku-4-5,0,Q006,0.00193225,0.00193225,0.0
research_analyst,thriftai_cold,claude-haiku-4-5,0,Q007,0.00191,0.00191,0.0
research_analyst,thriftai_cold,claude-haiku-4-5,0,Q008,0.001622,0.001622,0.0
research_analyst,thriftai_cold,claude-haiku-4-5,0,Q009,0.001774,0.001774,0.0
research_analyst,thriftai_cold,claude-haiku-4-5,0,Q010,0.0019205,0.0019205,0.0
research_analyst,thriftai_cold,claude-haiku-4-5,0,Q011,0.00199525,0.00199525,0.0
research_analyst,thriftai_cold,claude-haiku-4-5,0,Q012,0.0019145,0.0019145,0.0
research_analyst,thriftai_cold,claude-haiku-4-5,0,Q013,0.001471,0.001471,0.0
research_analyst,thriftai_cold,claude-haiku-4-5,0,Q014,0.0018135,0.0018135,0.0
research_analyst,thriftai_cold,claude-haiku-4-5,0,Q015,0.001787,0.001787,0.0
research_analyst,thriftai_cold,claude-haiku-4-5,0,Q016,0.0014675,0.0014675,0.0
research_analyst,thriftai_cold,claude-haiku-4-5,0,Q017,0.00166875,0.00166875,0.0
research_analyst,thriftai_cold,claude-haiku-4-5,0,Q018,0.00158975,0.00158975,0.0
research_analyst,thriftai_cold,claude-haiku-4-5,0,Q019,0.00160025,0.00160025,0.0
research_analyst,thriftai_cold,claude-haiku-4-5,0,Q020,0.001682,0.001682,0.0
research_analyst,thriftai_cold,claude-haiku-4-5,1,Q001,0.001566,0.001566,0.0
research_analyst,thriftai_cold,claude-haiku-4-5,1,Q002,0.002182,0.002182,0.0
research_analyst,thriftai_cold,claude-haiku-4-5,1,Q003,0.00176575,0.00176575,0.0
research_analyst,thriftai_cold,claude-haiku-4-5,1,Q004,0.0017785,0.0017785,0.0
research_analyst,thriftai_cold,claude-haiku-4-5,1,Q005,0.00214825,0.00214825,0.0
research_analyst,thriftai_cold,claude-haiku-4-5,1,Q006,0.0017885,0.0017885,0.0
research_analyst,thriftai_cold,claude-haiku-4-5,1,Q007,0.00207425,0.00207425,0.0
research_analyst,thriftai_cold,claude-haiku-4-5,1,Q008,0.00174525,0.00174525,0.0
research_analyst,thriftai_cold,claude-haiku-4-5,1,Q009,0.0018385,0.0018385,0.0
research_analyst,thriftai_cold,claude-haiku-4-5,1,Q010,0.00255675,0.00255675,0.0
research_analyst,thriftai_cold,claude-haiku-4-5,1,Q011,0.0017375,0.0017375,0.0
research_analyst,thriftai_cold,claude-haiku-4-5,1,Q012,0.0019965,0.0019965,0.0
research_analyst,thriftai_cold,claude-haiku-4-5,1,Q013,0.0016315,0.0016315,0.0
research_analyst,thriftai_cold,claude-haiku-4-5,1,Q014,0.0016445,0.0016445,0.0
research_analyst,thriftai_cold,claude-haiku-4-5,1,Q015,0.001679,0.001679,0.0
research_analyst,thriftai_cold,claude-haiku-4-5,1,Q016,0.0015165,0.0015165,0.0
research_analyst,thriftai_cold,claude-haiku-4-5,1,Q017,0.00177425,0.00177425,0.0
research_analyst,thriftai_cold,claude-haiku-4-5,1,Q018,0.00167175,0.00167175,0.0
research_analyst,thriftai_cold,claude-haiku-4-5,1,Q019,0.00152325,0.00152325,0.0
research_analyst,thriftai_cold,claude-haiku-4-5,1,Q020,0.00162225,0.00162225,0.0
research_analyst,thriftai_replay,claude-haiku-4-5,0,Q001,0.0,0.0016815,0.0016815
research_analyst,thriftai_replay,claude-haiku-4-5,0,Q002,0.0,0.00186875,0.00186875
research_analyst,thriftai_replay,claude-haiku-4-5,0,Q003,0.0,0.0016155,0.0016155
research_analyst,thriftai_replay,claude-haiku-4-5,0,Q004,0.0,0.001876,0.001876
research_analyst,thriftai_replay,claude-haiku-4-5,0,Q005,0.0,0.00215025,0.00215025
research_analyst,thriftai_replay,claude-haiku-4-5,0,Q006,0.0,0.00188525,0.00188525
research_analyst,thriftai_replay,claude-haiku-4-5,0,Q007,0.0,0.00212625,0.00212625
research_analyst,thriftai_replay,claude-haiku-4-5,0,Q008,0.0,0.0017255,0.0017255
research_analyst,thriftai_replay,claude-haiku-4-5,0,Q009,0.0,0.0018695,0.0018695
research_analyst,thriftai_replay,claude-haiku-4-5,0,Q010,0.0,0.0024365,0.0024365
research_analyst,thriftai_replay,claude-haiku-4-5,0,Q011,0.0,0.00174675,0.00174675
research_analyst,thriftai_replay,claude-haiku-4-5,0,Q012,0.0,0.00166,0.00166
research_analyst,thriftai_replay,claude-haiku-4-5,0,Q013,0.0,0.00168075,0.00168075
research_analyst,thriftai_replay,claude-haiku-4-5,0,Q014,0.0,0.0015305,0.0015305
research_analyst,thriftai_replay,claude-haiku-4-5,0,Q015,0.0,0.00202525,0.00202525
research_analyst,thriftai_replay,claude-haiku-4-5,0,Q016,0.0,0.001564,0.001564
research_analyst,thriftai_replay,claude-haiku-4-5,0,Q017,0.0,0.0017525,0.0017525
research_analyst,thriftai_replay,claude-haiku-4-5,0,Q018,0.0,0.0016905,0.0016905
research_analyst,thriftai_replay,claude-haiku-4-5,0,Q019,0.0,0.001427,0.001427
research_analyst,thriftai_replay,claude-haiku-4-5,0,Q020,0.0,0.001843,0.001843
research_analyst,thriftai_replay,claude-haiku-4-5,1,Q001,0.0,0.00174975,0.00174975
research_analyst,thriftai_replay,claude-haiku-4-5,1,Q002,0.0,0.0019095,0.0019095
research_analyst,thriftai_replay,claude-haiku-4-5,1,Q003,0.0,0.0017305,0.0017305
research_analyst,thriftai_replay,claude-haiku-4-5,1,Q004,0.0,0.001771,0.001771
research_analyst,thriftai_replay,claude-haiku-4-5,1,Q005,0.0,0.0018895,0.0018895
research_analyst,thriftai_replay,claude-haiku-4-5,1,Q006,0.0,0.00169325,0.00169325
research_analyst,thriftai_replay,claude-haiku-4-5,1,Q007,0.0,0.001721,0.001721
research_analyst,thriftai_replay,claude-haiku-4-5,1,Q008,0.0,0.00170675,0.00170675
research_analyst,thriftai_replay,claude-haiku-4-5,1,Q009,0.0,0.00205325,0.00205325
research_analyst,thriftai_replay,claude-haiku-4-5,1,Q010,0.0,0.0021835,0.0021835
research_analyst,thriftai_replay,claude-haiku-4-5,1,Q011,0.0,0.00184025,0.00184025
research_analyst,thriftai_replay,claude-haiku-4-5,1,Q012,0.0,0.0018945,0.0018945
research_analyst,thriftai_replay,claude-haiku-4-5,1,Q013,0.0,0.0015755,0.0015755
research_analyst,thriftai_replay,claude-haiku-4-5,1,Q014,0.0,0.0017185,0.0017185
research_analyst,thriftai_replay,claude-haiku-4-5,1,Q015,0.0,0.00217525,0.00217525
research_analyst,thriftai_replay,claude-haiku-4-5,1,Q016,0.0,0.001627,0.001627
research_analyst,thriftai_replay,claude-haiku-4-5,1,Q017,0.0,0.00197375,0.00197375
research_analyst,thriftai_replay,claude-haiku-4-5,1,Q018,0.0,0.00187925,0.00187925
research_analyst,thriftai_replay,claude-haiku-4-5,1,Q019,0.0,0.001578,0.001578
research_analyst,thriftai_replay,claude-haiku-4-5,1,Q020,0.0,0.0017875,0.0017875
research_analyst,thriftai_warm,claude-haiku-4-5,0,Q001,0.0,0.0018925,0.0018925
research_analyst,thriftai_warm,claude-haiku-4-5,0,Q002,0.0,0.002447,0.002447
research_analyst,thriftai_warm,claude-haiku-4-5,0,Q003,0.0,0.001896,0.001896
research_analyst,thriftai_warm,claude-haiku-4-5,0,Q004,0.0,0.00175475,0.00175475
research_analyst,thriftai_warm,claude-haiku-4-5,0,Q005,0.0,0.001877,0.001877
research_analyst,thriftai_warm,claude-haiku-4-5,0,Q006,0.0,0.00176525,0.00176525
research_analyst,thriftai_warm,claude-haiku-4-5,0,Q007,0.0,0.00181,0.00181
research_analyst,thriftai_warm,claude-haiku-4-5,0,Q008,0.0,0.00183825,0.00183825
research_analyst,thriftai_warm,claude-haiku-4-5,0,Q009,0.0,0.001886,0.001886
research_analyst,thriftai_warm,claude-haiku-4-5,0,Q010,0.0,0.002557,0.002557
research_analyst,thriftai_warm,claude-haiku-4-5,0,Q011,0.0,0.00177075,0.00177075
research_analyst,thriftai_warm,claude-haiku-4-5,0,Q012,0.0,0.00181025,0.00181025
research_analyst,thriftai_warm,claude-haiku-4-5,0,Q013,0.0,0.00169425,0.00169425
research_analyst,thriftai_warm,claude-haiku-4-5,0,Q014,0.0,0.00167525,0.00167525
research_analyst,thriftai_warm,claude-haiku-4-5,0,Q015,0.0,0.0019785,0.0019785
research_analyst,thriftai_warm,claude-haiku-4-5,0,Q016,0.0,0.001632,0.001632
research_analyst,thriftai_warm,claude-haiku-4-5,0,Q017,0.0,0.00179425,0.00179425
research_analyst,thriftai_warm,claude-haiku-4-5,0,Q018,0.0,0.00180275,0.00180275
research_analyst,thriftai_warm,claude-haiku-4-5,0,Q019,0.0,0.0015225,0.0015225
research_analyst,thriftai_warm,claude-haiku-4-5,0,Q020,0.0,0.00168225,0.00168225
research_analyst,thriftai_warm,claude-haiku-4-5,1,Q001,0.0,0.00158625,0.00158625
research_analyst,thriftai_warm,claude-haiku-4-5,1,Q002,0.0,0.002285,0.002285
research_analyst,thriftai_warm,claude-haiku-4-5,1,Q003,0.0,0.0019925,0.0019925
research_analyst,thriftai_warm,claude-haiku-4-5,1,Q004,0.0,0.00178775,0.00178775
research_analyst,thriftai_warm,claude-haiku-4-5,1,Q005,0.0,0.002303,0.002303
research_analyst,thriftai_warm,claude-haiku-4-5,1,Q006,0.0,0.00180925,0.00180925
research_analyst,thriftai_warm,claude-haiku-4-5,1,Q007,0.0,0.00174025,0.00174025
research_analyst,thriftai_warm,claude-haiku-4-5,1,Q008,0.0,0.001997,0.001997
research_analyst,thriftai_warm,claude-haiku-4-5,1,Q009,0.0,0.0018115,0.0018115
research_analyst,thriftai_warm,claude-haiku-4-5,1,Q010,0.0,0.00215625,0.00215625
research_analyst,thriftai_warm,claude-haiku-4-5,1,Q011,0.0,0.001822,0.001822
research_analyst,thriftai_warm,claude-haiku-4-5,1,Q012,0.0,0.001746,0.001746
research_analyst,thriftai_warm,claude-haiku-4-5,1,Q013,0.0,0.00171225,0.00171225
research_analyst,thriftai_warm,claude-haiku-4-5,1,Q014,0.0,0.0021625,0.0021625
research_analyst,thriftai_warm,claude-haiku-4-5,1,Q015,0.0,0.00173675,0.00173675
research_analyst,thriftai_warm,claude-haiku-4-5,1,Q016,0.0,0.001366,0.001366
research_analyst,thriftai_warm,claude-haiku-4-5,1,Q017,0.0,0.00167825,0.00167825
research_analyst,thriftai_warm,claude-haiku-4-5,1,Q018,0.0,0.0022925,0.0022925
research_analyst,thriftai_warm,claude-haiku-4-5,1,Q019,0.0,0.001583,0.001583
research_analyst,thriftai_warm,claude-haiku-4-5,1,Q020,0.0,0.001718,0.001718
support_triage,baseline,claude-haiku-4-5,0,T001,0.00028425,0.00028425,0.0
support_triage,baseline,claude-haiku-4-5,0,T002,0.00030075,0.00030075,0.0
support_triage,baseline,claude-haiku-4-5,0,T003,0.00030975,0.00030975,0.0
support_triage,baseline,claude-haiku-4-5,0,T004,0.0003015,0.0003015,0.0
support_triage,baseline,claude-haiku-4-5,0,T005,0.000297,0.000297,0.0
support_triage,baseline,claude-haiku-4-5,0,T006,0.000332,0.000332,0.0
support_triage,baseline,claude-haiku-4-5,0,T007,0.00032925,0.00032925,0.0
support_triage,baseline,claude-haiku-4-5,0,T008,0.000313,0.000313,0.0
support_triage,baseline,claude-haiku-4-5,0,T009,0.00032,0.00032,0.0
support_triage,baseline,claude-haiku-4-5,0,T010,0.000334,0.000334,0.0
support_triage,baseline,claude-haiku-4-5,0,T011,0.0003235,0.0003235,0.0
support_triage,baseline,claude-haiku-4-5,0,T012,0.000292,0.000292,0.0
support_triage,baseline,claude-haiku-4-5,0,T013,0.0003255,0.0003255,0.0
support_triage,baseline,claude-haiku-4-5,0,T014,0.000317,0.000317,0.0
support_triage,baseline,claude-haiku-4-5,0,T015,0.00031625,0.00031625,0.0
support_triage,baseline,claude-haiku-4-5,0,T016,0.000289,0.000289,0.0
support_triage,baseline,claude-haiku-4-5,0,T017,0.00028925,0.00028925,0.0
support_triage,baseline,claude-haiku-4-5,0,T018,0.00029775,0.00029775,0.0
support_triage,baseline,claude-haiku-4-5,0,T019,0.0002915,0.0002915,0.0
support_triage,baseline,claude-haiku-4-5,0,T020,0.00032125,0.00032125,0.0
support_triage,baseline,claude-haiku-4-5,1,T001,0.000278,0.000278,0.0
support_triage,baseline,claude-haiku-4-5,1,T002,0.00029325,0.00029325,0.0
support_triage,baseline,claude-haiku-4-5,1,T003,0.00030975,0.00030975,0.0
support_triage,baseline,claude-haiku-4-5,1,T004,0.00030275,0.00030275,0.0
support_triage,baseline,claude-haiku-4-5,1,T005,0.000297,0.000297,0.0
support_triage,baseline,claude-haiku-4-5,1,T006,0.000332,0.000332,0.0
support_triage,baseline,claude-haiku-4-5,1,T007,0.00033175,0.00033175,0.0
support_triage,baseline,claude-haiku-4-5,1,T008,0.000313,0.000313,0.0
support_triage,baseline,claude-haiku-4-5,1,T009,0.0003225,0.0003225,0.0
support_triage,baseline,claude-haiku-4-5,1,T010,0.000334,0.000334,0.0
support_triage,baseline,claude-haiku-4-5,1,T011,0.00031975,0.00031975,0.0
support_triage,baseline,claude-haiku-4-5,1,T012,0.0002945,0.0002945,0.0
support_triage,baseline,claude-haiku-4-5,1,T013,0.0003255,0.0003255,0.0
support_triage,baseline,claude-haiku-4-5,1,T014,0.000317,0.000317,0.0
support_triage,baseline,claude-haiku-4-5,1,T015,0.00030875,0.00030875,0.0
support_triage,baseline,claude-haiku-4-5,1,T016,0.00029025,0.00029025,0.0
support_triage,baseline,claude-haiku-4-5,1,T017,0.0002955,0.0002955,0.0
support_triage,baseline,claude-haiku-4-5,1,T018,0.000304,0.000304,0.0
support_triage,baseline,claude-haiku-4-5,1,T019,0.00029275,0.00029275,0.0
support_triage,baseline,claude-haiku-4-5,1,T020,0.00032125,0.00032125,0.0
support_triage,thriftai_cold,claude-haiku-4-5,0,T001,0.00028175,0.00028175,0.0
support_triage,thriftai_cold,claude-haiku-4-5,0,T002,0.00029575,0.00029575,0.0
support_triage,thriftai_cold,claude-haiku-4-5,0,T003,0.0002835,0.0002835,0.0
support_triage,thriftai_cold,claude-haiku-4-5,0,T004,0.00030275,0.00030275,0.0
support_triage,thriftai_cold,claude-haiku-4-5,0,T005,0.000297,0.000297,0.0
support_triage,thriftai_cold,claude-haiku-4-5,0,T006,0.00033825,0.00033825,0.0
support_triage,thriftai_cold,claude-haiku-4-5,0,T007,0.00032425,0.00032425,0.0
support_triage,thriftai_cold,claude-haiku-4-5,0,T008,0.00031925,0.00031925,0.0
support_triage,thriftai_cold,claude-haiku-4-5,0,T009,0.00032125,0.00032125,0.0
support_triage,thriftai_cold,claude-haiku-4-5,0,T010,0.000334,0.000334,0.0
support_triage,thriftai_cold,claude-haiku-4-5,0,T011,0.0003235,0.0003235,0.0
support_triage,thriftai_cold,claude-haiku-4-5,0,T012,0.0002945,0.0002945,0.0
support_triage,thriftai_cold,claude-haiku-4-5,0,T013,0.0003305,0.0003305,0.0
support_triage,thriftai_cold,claude-haiku-4-5,0,T014,0.000317,0.000317,0.0
support_triage,thriftai_cold,claude-haiku-4-5,0,T015,0.00031625,0.00031625,0.0
support_triage,thriftai_cold,claude-haiku-4-5,0,T016,0.000289,0.000289,0.0
support_triage,thriftai_cold,claude-haiku-4-5,0,T017,0.00029425,0.00029425,0.0
support_triage,thriftai_cold,claude-haiku-4-5,0,T018,0.000304,0.000304,0.0
support_triage,thriftai_cold,claude-haiku-4-5,0,T019,0.00029275,0.00029275,0.0
support_triage,thriftai_cold,claude-haiku-4-5,0,T020,0.00032125,0.00032125,0.0
support_triage,thriftai_cold,claude-haiku-4-5,1,T001,0.00028175,0.00028175,0.0
support_triage,thriftai_cold,claude-haiku-4-5,1,T002,0.0002945,0.0002945,0.0
support_triage,thriftai_cold,claude-haiku-4-5,1,T003,0.00028225,0.00028225,0.0
support_triage,thriftai_cold,claude-haiku-4-5,1,T004,0.0003015,0.0003015,0.0
support_triage,thriftai_cold,claude-haiku-4-5,1,T005,0.000297,0.000297,0.0
support_triage,thriftai_cold,claude-haiku-4-5,1,T006,0.000332,0.000332,0.0
support_triage,thriftai_cold,claude-haiku-4-5,1,T007,0.00031425,0.00031425,0.0
support_triage,thriftai_cold,claude-haiku-4-5,1,T008,0.0003205,0.0003205,0.0
support_triage,thriftai_cold,claude-haiku-4-5,1,T009,0.0003225,0.0003225,0.0
support_triage,thriftai_cold,claude-haiku-4-5,1,T010,0.000334,0.000334,0.0
support_triage,thriftai_cold,claude-haiku-4-5,1,T011,0.000316,0.000316,0.0
support_triage,thriftai_cold,claude-haiku-4-5,1,T012,0.0002945,0.0002945,0.0
support_triage,thriftai_cold,claude-haiku-4-5,1,T013,0.0003305,0.0003305,0.0
support_triage,thriftai_cold,claude-haiku-4-5,1,T014,0.000317,0.000317,0.0
support_triage,thriftai_cold,claude-haiku-4-5,1,T015,0.00031625,0.00031625,0.0
support_triage,thriftai_cold,claude-haiku-4-5,1,T016,0.000289,0.000289,0.0
support_triage,thriftai_cold,claude-haiku-4-5,1,T017,0.000308,0.000308,0.0
support_triage,thriftai_cold,claude-haiku-4-5,1,T018,0.000304,0.000304,0.0
support_triage,thriftai_cold,claude-haiku-4-5,1,T019,0.0002915,0.0002915,0.0
support_triage,thriftai_cold,claude-haiku-4-5,1,T020,0.00030875,0.00030875,0.0
support_triage,thriftai_warm,claude-haiku-4-5,0,T001,0.0,0.00029175,0.00029175
support_triage,thriftai_warm,claude-haiku-4-5,0,T002,0.0,0.0002945,0.0002945
support_triage,thriftai_warm,claude-haiku-4-5,0,T003,0.0,0.00027975,0.00027975
support_triage,thriftai_warm,claude-haiku-4-5,0,T004,0.0,0.00030275,0.00030275
support_triage,thriftai_warm,claude-haiku-4-5,0,T005,0.0,0.00030075,0.00030075
support_triage,thriftai_warm,claude-haiku-4-5,0,T006,0.0,0.000327,0.000327
support_triage,thriftai_warm,claude-haiku-4-5,0,T007,0.0,0.00032675,0.00032675
support_triage,thriftai_warm,claude-haiku-4-5,0,T008,0.0,0.000313,0.000313
support_triage,thriftai_warm,claude-haiku-4-5,0,T009,0.0,0.00032375,0.00032375
support_triage,thriftai_warm,claude-haiku-4-5,0,T010,0.0,0.000334,0.000334
support_triage,thriftai_warm,claude-haiku-4-5,0,T011,0.0,0.0003235,0.0003235
support_triage,thriftai_warm,claude-haiku-4-5,0,T012,0.0,0.0002945,0.0002945
support_triage,thriftai_warm,claude-haiku-4-5,0,T013,0.0,0.0003255,0.0003255
support_triage,thriftai_warm,claude-haiku-4-5,0,T014,0.0,0.00031325,0.00031325
support_triage,thriftai_warm,claude-haiku-4-5,0,T015,0.0,0.00031125,0.00031125
support_triage,thriftai_warm,claude-haiku-4-5,0,T016,0.0,0.000289,0.000289
support_triage,thriftai_warm,claude-haiku-4-5,0,T017,0.0,0.00029925,0.00029925
support_triage,thriftai_warm,claude-haiku-4-5,0,T018,0.0,0.000304,0.000304
support_triage,thriftai_warm,claude-haiku-4-5,0,T019,0.0,0.0002915,0.0002915
support_triage,thriftai_warm,claude-haiku-4-5,0,T020,0.0,0.00032125,0.00032125
support_triage,thriftai_warm,claude-haiku-4-5,1,T001,0.0,0.000283,0.000283
support_triage,thriftai_warm,claude-haiku-4-5,1,T002,0.0,0.00029575,0.00029575
support_triage,thriftai_warm,claude-haiku-4-5,1,T003,0.0,0.00027975,0.00027975
support_triage,thriftai_warm,claude-haiku-4-5,1,T004,0.0,0.00030275,0.00030275
support_triage,thriftai_warm,claude-haiku-4-5,1,T005,0.0,0.000297,0.000297
support_triage,thriftai_warm,claude-haiku-4-5,1,T006,0.0,0.00033825,0.00033825
support_triage,thriftai_warm,claude-haiku-4-5,1,T007,0.0,0.00032675,0.00032675
support_triage,thriftai_warm,claude-haiku-4-5,1,T008,0.0,0.000313,0.000313
support_triage,thriftai_warm,claude-haiku-4-5,1,T009,0.0,0.00032375,0.00032375
support_triage,thriftai_warm,claude-haiku-4-5,1,T010,0.0,0.000334,0.000334
support_triage,thriftai_warm,claude-haiku-4-5,1,T011,0.0,0.0003235,0.0003235
support_triage,thriftai_warm,claude-haiku-4-5,1,T012,0.0,0.00030075,0.00030075
support_triage,thriftai_warm,claude-haiku-4-5,1,T013,0.0,0.0003255,0.0003255
support_triage,thriftai_warm,claude-haiku-4-5,1,T014,0.0,0.000317,0.000317
support_triage,thriftai_warm,claude-haiku-4-5,1,T015,0.0,0.00031625,0.00031625
support_triage,thriftai_warm,claude-haiku-4-5,1,T016,0.0,0.000289,0.000289
support_triage,thriftai_warm,claude-haiku-4-5,1,T017,0.0,0.00029925,0.00029925
support_triage,thriftai_warm,claude-haiku-4-5,1,T018,0.0,0.00029775,0.00029775
support_triage,thriftai_warm,claude-haiku-4-5,1,T019,0.0,0.00029275,0.00029275
support_triage,thriftai_warm,claude-haiku-4-5,1,T020,0.0,0.00032125,0.00032125
support_triage,baseline,claude-sonnet-4-6,0,T001,0.003705,0.003705,0.0
support_triage,baseline,claude-sonnet-4-6,0,T002,0.003783,0.003783,0.0
support_triage,baseline,claude-sonnet-4-6,0,T003,0.003351,0.003351,0.0
support_triage,baseline,claude-sonnet-4-6,0,T004,0.003672,0.003672,0.0
support_triage,baseline,claude-sonnet-4-6,0,T005,0.003783,0.003783,0.0
support_triage,baseline,claude-sonnet-4-6,0,T006,0.003933,0.003933,0.0
support_triage,baseline,claude-sonnet-4-6,0,T007,0.00426,0.00426,0.0
support_triage,baseline,claude-sonnet-4-6,0,T008,0.003855,0.003855,0.0
support_triage,baseline,claude-sonnet-4-6,0,T009,0.004149,0.004149,0.0
support_triage,baseline,claude-sonnet-4-6,0,T010,0.004206,0.004206,0.0
support_triage,baseline,claude-sonnet-4-6,0,T011,0.003831,0.003831,0.0
support_triage,baseline,claude-sonnet-4-6,0,T012,0.004083,0.004083,0.0
support_triage,baseline,claude-sonnet-4-6,0,T013,0.004335,0.004335,0.0
support_triage,baseline,claude-sonnet-4-6,0,T014,0.004164,0.004164,0.0
support_triage,baseline,claude-sonnet-4-6,0,T015,0.004077,0.004077,0.0
support_triage,baseline,claude-sonnet-4-6,0,T016,0.003495,0.003495,0.0
support_triage,baseline,claude-sonnet-4-6,0,T017,0.00369,0.00369,0.0
support_triage,baseline,claude-sonnet-4-6,0,T018,0.003615,0.003615,0.0
support_triage,baseline,claude-sonnet-4-6,0,T019,0.00363,0.00363,0.0
support_triage,baseline,claude-sonnet-4-6,0,T020,0.003564,0.003564,0.0
support_triage,baseline,claude-sonnet-4-6,1,T001,0.003705,0.003705,0.0
support_triage,baseline,claude-sonnet-4-6,1,T002,0.003918,0.003918,0.0
support_triage,baseline,claude-sonnet-4-6,1,T003,0.003411,0.003411,0.0
support_triage,baseline,claude-sonnet-4-6,1,T004,0.003672,0.003672,0.0
support_triage,baseline,claude-sonnet-4-6,1,T005,0.003813,0.003813,0.0
support_triage,baseline,claude-sonnet-4-6,1,T006,0.004218,0.004218,0.0
support_triage,baseline,claude-sonnet-4-6,1,T007,0.004065,0.004065,0.0
support_triage,baseline,claude-sonnet-4-6,1,T008,0.003855,0.003855,0.0
support_triage,baseline,claude-sonnet-4-6,1,T009,0.004014,0.004014,0.0
support_triage,baseline,claude-sonnet-4-6,1,T010,0.004131,0.004131,0.0
support_triage,baseline,claude-sonnet-4-6,1,T011,0.004041,0.004041,0.0
support_triage,baseline,claude-sonnet-4-6,1,T012,0.004308,0.004308,0.0
support_triage,baseline,claude-sonnet-4-6,1,T013,0.004395,0.004395,0.0
support_triage,baseline,claude-sonnet-4-6,1,T014,0.004194,0.004194,0.0
support_triage,baseline,claude-sonnet-4-6,1,T015,0.004062,0.004062,0.0
support_triage,baseline,claude-sonnet-4-6,1,T016,0.003525,0.003525,0.0
support_triage,baseline,claude-sonnet-4-6,1,T017,0.00369,0.00369,0.0
support_triage,baseline,claude-sonnet-4-6,1,T018,0.0036,0.0036,0.0
support_triage,baseline,claude-sonnet-4-6,1,T019,0.003495,0.003495,0.0
support_triage,baseline,claude-sonnet-4-6,1,T020,0.003594,0.003594,0.0
support_triage,thriftai_cold,claude-sonnet-4-6,0,T001,0.003825,0.003825,0.0
support_triage,thriftai_cold,claude-sonnet-4-6,0,T002,0.003678,0.003678,0.0
support_triage,thriftai_cold,claude-sonnet-4-6,0,T003,0.003351,0.003351,0.0
support_triage,thriftai_cold,claude-sonnet-4-6,0,T004,0.003672,0.003672,0.0
support_triage,thriftai_cold,claude-sonnet-4-6,0,T005,0.003843,0.003843,0.0
support_triage,thriftai_cold,claude-sonnet-4-6,0,T006,0.004023,0.004023,0.0
support_triage,thriftai_cold,claude-sonnet-4-6,0,T007,0.004185,0.004185,0.0
support_triage,thriftai_cold,claude-sonnet-4-6,0,T008,0.00405,0.00405,0.0
support_triage,thriftai_cold,claude-sonnet-4-6,0,T009,0.004074,0.004074,0.0
support_triage,thriftai_cold,claude-sonnet-4-6,0,T010,0.004056,0.004056,0.0
support_triage,thriftai_cold,claude-sonnet-4-6,0,T011,0.004206,0.004206,0.0
support_triage,thriftai_cold,claude-sonnet-4-6,0,T012,0.004218,0.004218,0.0
support_triage,thriftai_cold,claude-sonnet-4-6,0,T013,0.00435,0.00435,0.0
support_triage,thriftai_cold,claude-sonnet-4-6,0,T014,0.004194,0.004194,0.0
support_triage,thriftai_cold,claude-sonnet-4-6,0,T015,0.004317,0.004317,0.0
support_triage,thriftai_cold,claude-sonnet-4-6,0,T016,0.003585,0.003585,0.0
support_triage,thriftai_cold,claude-sonnet-4-6,0,T017,0.00375,0.00375,0.0
support_triage,thriftai_cold,claude-sonnet-4-6,0,T018,0.0036,0.0036,0.0
support_triage,thriftai_cold,claude-sonnet-4-6,0,T019,0.003705,0.003705,0.0
support_triage,thriftai_cold,claude-sonnet-4-6,0,T020,0.003519,0.003519,0.0
support_triage,thriftai_cold,claude-sonnet-4-6,1,T001,0.003885,0.003885,0.0
support_triage,thriftai_cold,claude-sonnet-4-6,1,T002,0.003798,0.003798,0.0
support_triage,thriftai_cold,claude-sonnet-4-6,1,T003,0.003351,0.003351,0.0
support_triage,thriftai_cold,claude-sonnet-4-6,1,T004,0.003537,0.003537,0.0
support_triage,thriftai_cold,claude-sonnet-4-6,1,T005,0.003873,0.003873,0.0
support_triage,thriftai_cold,claude-sonnet-4-6,1,T006,0.004008,0.004008,0.0
support_triage,thriftai_cold,claude-sonnet-4-6,1,T007,0.004215,0.004215,0.0
support_triage,thriftai_cold,claude-sonnet-4-6,1,T008,0.00387,0.00387,0.0
support_triage,thriftai_cold,claude-sonnet-4-6,1,T009,0.004014,0.004014,0.0
support_triage,thriftai_cold,claude-sonnet-4-6,1,T010,0.004206,0.004206,0.0
support_triage,thriftai_cold,claude-sonnet-4-6,1,T011,0.004386,0.004386,0.0
support_triage,thriftai_cold,claude-sonnet-4-6,1,T012,0.004353,0.004353,0.0
support_triage,thriftai_cold,claude-sonnet-4-6,1,T013,0.00435,0.00435,0.0
support_triage,thriftai_cold,claude-sonnet-4-6,1,T014,0.004209,0.004209,0.0
support_triage,thriftai_cold,claude-sonnet-4-6,1,T015,0.004062,0.004062,0.0
support_triage,thriftai_cold,claude-sonnet-4-6,1,T016,0.00354,0.00354,0.0
support_triage,thriftai_cold,claude-sonnet-4-6,1,T017,0.00369,0.00369,0.0
support_triage,thriftai_cold,claude-sonnet-4-6,1,T018,0.00363,0.00363,0.0
support_triage,thriftai_cold,claude-sonnet-4-6,1,T019,0.003675,0.003675,0.0
support_triage,thriftai_cold,claude-sonnet-4-6,1,T020,0.003594,0.003594,0.0
support_triage,thriftai_warm,claude-sonnet-4-6,0,T001,0.0,0.003705,0.003705
support_triage,thriftai_warm,claude-sonnet-4-6,0,T002,0.0,0.003828,0.003828
support_triage,thriftai_warm,claude-sonnet-4-6,0,T003,0.0,0.003351,0.003351
support_triage,thriftai_warm,claude-sonnet-4-6,0,T004,0.0,0.003567,0.003567
support_triage,thriftai_warm,claude-sonnet-4-6,0,T005,0.0,0.003828,0.003828
support_triage,thriftai_warm,claude-sonnet-4-6,0,T006,0.0,0.004113,0.004113
support_triage,thriftai_warm,claude-sonnet-4-6,0,T007,0.0,0.00393,0.00393
support_triage,thriftai_warm,claude-sonnet-4-6,0,T008,0.0,0.00366,0.00366
support_triage,thriftai_warm,claude-sonnet-4-6,0,T009,0.0,0.004119,0.004119
support_triage,thriftai_warm,claude-sonnet-4-6,0,T010,0.0,0.004236,0.004236
support_triage,thriftai_warm,claude-sonnet-4-6,0,T011,0.0,0.004221,0.004221
support_triage,thriftai_warm,claude-sonnet-4-6,0,T012,0.0,0.004248,0.004248
support_triage,thriftai_warm,claude-sonnet-4-6,0,T013,0.0,0.00417,0.00417
support_triage,thriftai_warm,claude-sonnet-4-6,0,T014,0.0,0.004269,0.004269
support_triage,thriftai_warm,claude-sonnet-4-6,0,T015,0.0,0.004227,0.004227
support_triage,thriftai_warm,claude-sonnet-4-6,0,T016,0.0,0.00354,0.00354
support_triage,thriftai_warm,claude-sonnet-4-6,0,T017,0.0,0.00369,0.00369
support_triage,thriftai_warm,claude-sonnet-4-6,0,T018,0.0,0.00369,0.00369
support_triage,thriftai_warm,claude-sonnet-4-6,0,T019,0.0,0.003675,0.003675
support_triage,thriftai_warm,claude-sonnet-4-6,0,T020,0.0,0.003564,0.003564
support_triage,thriftai_warm,claude-sonnet-4-6,1,T001,0.0,0.00384,0.00384
support_triage,thriftai_warm,claude-sonnet-4-6,1,T002,0.0,0.003798,0.003798
support_triage,thriftai_warm,claude-sonnet-4-6,1,T003,0.0,0.003351,0.003351
support_triage,thriftai_warm,claude-sonnet-4-6,1,T004,0.0,0.003417,0.003417
support_triage,thriftai_warm,claude-sonnet-4-6,1,T005,0.0,0.003783,0.003783
support_triage,thriftai_warm,claude-sonnet-4-6,1,T006,0.0,0.003783,0.003783
support_triage,thriftai_warm,claude-sonnet-4-6,1,T007,0.0,0.003915,0.003915
support_triage,thriftai_warm,claude-sonnet-4-6,1,T008,0.0,0.003855,0.003855
support_triage,thriftai_warm,claude-sonnet-4-6,1,T009,0.0,0.003969,0.003969
support_triage,thriftai_warm,claude-sonnet-4-6,1,T010,0.0,0.004131,0.004131
support_triage,thriftai_warm,claude-sonnet-4-6,1,T011,0.0,0.004221,0.004221
support_triage,thriftai_warm,claude-sonnet-4-6,1,T012,0.0,0.004098,0.004098
support_triage,thriftai_warm,claude-sonnet-4-6,1,T013,0.0,0.00426,0.00426
support_triage,thriftai_warm,claude-sonnet-4-6,1,T014,0.0,0.004194,0.004194
support_triage,thriftai_warm,claude-sonnet-4-6,1,T015,0.0,0.004062,0.004062
support_triage,thriftai_warm,claude-sonnet-4-6,1,T016,0.0,0.003585,0.003585
support_triage,thriftai_warm,claude-sonnet-4-6,1,T017,0.0,0.00369,0.00369
support_triage,thriftai_warm,claude-sonnet-4-6,1,T018,0.0,0.003615,0.003615
support_triage,thriftai_warm,claude-sonnet-4-6,1,T019,0.0,0.003675,0.003675
support_triage,thriftai_warm,claude-sonnet-4-6,1,T020,0.0,0.003594,0.003594
